,C/O ratio,CH4 Conv,O2 Conv,CO Selec,H2 Selec,H2O Selec
0,0.600000000001,9.91063574233e-06,1.55883960493e-05,3.17348419969e-08,4.29779379115e-10,0.33354226089
1,0.699999999999,9.66928960557e-06,1.82036588489e-05,3.41991259684e-08,5.63428361899e-10,0.333601352295
2,0.800000000001,9.45217087456e-06,2.08384306577e-05,3.65638931081e-08,7.11601107423e-10,0.333663595582
3,0.900000000002,9.25460878039e-06,2.34919269311e-05,3.88457370022e-08,8.73648995711e-10,0.333728798518
4,1.1,8.9064318688e-06,2.88526957801e-05,4.32077700297e-08,1.23748494513e-09,0.333867578515
5,1.2,8.75180251778e-06,3.15590380332e-05,4.53052884213e-08,1.43860309737e-09,0.333940985228
6,1.3,8.60818657342e-06,3.4282189701e-05,4.73558902107e-08,1.6522145186e-09,0.334016991806
7,1.4,8.47445361185e-06,3.70218414427e-05,4.93646658312e-08,1.8781702668e-09,0.33409555772
8,2.6,7.39360258492e-06,7.10960888875e-05,7.1285702562e-08,5.54605320503e-09,0.335231775249
