,C/O ratio,CH4 Conv,O2 Conv,CO Selec,H2 Selec,H2O Selec
0,1.0,1.10731529765e-14,1.82050142157e-14,5.2947678756e-12,7.33648257294e-05,0.348184597893
