,C/O ratio,CH4 Conv,O2 Conv,CO Selec,H2 Selec,H2O Selec
0,0.600000000001,2.94877207346e-05,2.04279347558e-05,0.333333329919,0.66666666393,5.66381948497e-12
1,1.1,1.37767721305e-05,1.47114188851e-05,0.333333331039,0.666666664682,4.11362394776e-12
2,1.6,8.65332327807e-06,1.18925074831e-05,0.333333331539,0.666666665054,3.43419662467e-12
3,2.6,4.79350990001e-06,9.09507455501e-06,0.333333332015,0.666666665443,2.7240248477e-12
