,Reaction,SYNGAS Selec,SYNGAS Yield,CO Selectivity,CO % Yield,H2 Selectivity,H2 % Yield,CH4 Conversion,H2O+CO2 Selectivity,H2O+CO2 yield,Exit Temp,Peak Temp,Dist to peak temp
0,[Pt],0.0,0.0,0.0,0.0,0.0,0.0,0.0,0.0,0.0,1.08814544676e-12,-1.13686837722e-13,826.666666667
1,[Pt],0.0,0.0,0.0,0.0,0.0,0.0,0.0,0.0,0.0,-1.08814544676e-12,-1.13686837722e-13,826.666666667
2,O=[Pt],0.0,0.0,0.0,0.0,0.0,0.0,0.0,0.0,0.0,8.12048840869e-13,-1.13686837722e-13,826.666666667
3,C[Pt],0.0,0.0,0.0,0.0,0.0,0.0,0.0,0.0,0.0,-9.74458609042e-14,1.78650744991e-13,6580.0
4,O[Pt],0.0,0.0,0.0,0.0,0.0,0.0,0.0,0.0,0.0,1.20183228449e-12,-1.13686837722e-13,826.666666667
5,O.[Pt],0.0,0.0,0.0,0.0,0.0,0.0,0.0,0.0,0.0,-1.81898940355e-12,1.06215988386e-11,12780.0
6,O=C=O.[Pt],0.0,0.0,0.0,0.0,0.0,0.0,0.0,0.0,0.0,4.38506374069e-13,-1.13686837722e-13,826.666666667
7,O=C=[Pt],0.0,0.0,0.0,0.0,0.0,0.0,0.0,0.0,0.0,-6.49639072695e-13,-1.13686837722e-13,826.666666667
8,C~[Pt],0.0,0.0,0.0,0.0,0.0,0.0,0.0,0.0,0.0,-2.54983336033e-12,-1.13686837722e-13,826.666666667
9,C=[Pt],0.0,0.0,0.0,0.0,0.0,0.0,0.0,0.0,0.0,4.87229304521e-13,-1.13686837722e-13,826.666666667
10,C#[Pt],0.0,0.0,0.0,0.0,0.0,0.0,0.0,0.0,0.0,6.49639072695e-14,-1.13686837722e-13,826.666666667
11,C.[Pt],0.0,0.0,0.0,0.0,0.0,0.0,0.0,0.0,0.0,1.20183228449e-12,-1.13686837722e-13,826.666666667
12,[H][H].[Pt],0.0,0.0,0.0,0.0,0.0,0.0,0.0,0.0,0.0,4.87229304521e-13,-1.13686837722e-13,826.666666667
13,CC.[Pt],0.0,0.0,0.0,0.0,0.0,0.0,0.0,0.0,0.0,1.29927814539e-13,-1.13686837722e-13,826.666666667
14,C=C.[Pt],0.0,0.0,0.0,0.0,0.0,0.0,0.0,0.0,0.0,-2.28997773125e-12,-1.13686837722e-13,826.666666667
15,[CH]C.[Pt],0.0,0.0,0.0,0.0,0.0,0.0,0.0,0.0,0.0,-2.28997773125e-12,-1.13686837722e-13,826.666666667
