,Reaction,SYNGAS Selec,SYNGAS Yield,CO Selectivity,CO % Yield,H2 Selectivity,H2 % Yield,CH4 Conversion,H2O+CO2 Selectivity,H2O+CO2 yield,Exit Temp,Peak Temp,Dist to peak temp
0,[Pt],0.0,0.0,0.0,0.0,0.0,0.0,0.0,0.0,0.0,-1.38048302948e-12,-1.45519152284e-11,-5.89887640449
1,[Pt],0.0,0.0,0.0,0.0,0.0,0.0,0.0,0.0,0.0,-3.31315927074e-12,-1.45519152284e-11,9.49438202247
2,O=[Pt],0.0,0.0,0.0,0.0,0.0,0.0,0.0,0.0,0.0,-9.09494701773e-13,-1.62409768174e-12,-7.3595505618
3,C[Pt],0.0,0.0,0.0,0.0,0.0,0.0,0.0,0.0,0.0,-6.1715711906e-13,-1.52502772315e-11,-98.595505618
4,O[Pt],0.0,0.0,0.0,0.0,0.0,0.0,0.0,0.0,0.0,-1.64033865855e-12,-1.52502772315e-11,-98.595505618
5,O.[Pt],0.0,0.0,0.0,0.0,0.0,0.0,0.0,0.0,0.0,-1.5916157281e-12,-1.52502772315e-11,-98.595505618
6,O=C=O.[Pt],0.0,0.0,0.0,0.0,0.0,0.0,0.0,0.0,0.0,-3.05330364167e-12,-1.52502772315e-11,-98.595505618
7,O=C=[Pt],0.0,0.0,0.0,0.0,0.0,0.0,0.0,0.0,0.0,-1.54289279765e-12,-1.39509990861e-11,-34.3820224719
8,C~[Pt],0.0,0.0,0.0,0.0,0.0,0.0,0.0,0.0,0.0,-1.13686837722e-12,-1.43083005761e-11,-11.0112359551
9,C=[Pt],0.0,0.0,0.0,0.0,0.0,0.0,0.0,0.0,0.0,-5.19711258156e-13,-7.58453617371e-12,6.12359550562
10,C#[Pt],0.0,0.0,0.0,0.0,0.0,0.0,0.0,0.0,0.0,-2.67976117487e-12,-1.49579396488e-11,-14.3258426966
11,C.[Pt],0.0,0.0,0.0,0.0,0.0,0.0,0.0,0.0,0.0,-1.54289279765e-12,-1.52502772315e-11,-98.595505618
12,[H][H].[Pt],0.0,0.0,0.0,0.0,0.0,0.0,0.0,0.0,0.0,6.98362003147e-13,-1.50716264865e-11,-40.8988764045
13,CC.[Pt],0.0,0.0,0.0,0.0,0.0,0.0,0.0,0.0,0.0,-5.03470281339e-13,-1.52502772315e-11,-98.595505618
14,C=C.[Pt],0.0,0.0,0.0,0.0,0.0,0.0,0.0,0.0,0.0,-2.22501382398e-12,-1.04267071168e-11,-6.12359550562
15,[CH]C.[Pt],0.0,0.0,0.0,0.0,0.0,0.0,0.0,0.0,0.0,-2.22501382398e-12,-1.04267071168e-11,-6.12359550562
