,Reaction,SYNGAS Selec,SYNGAS Yield,CO Selectivity,CO % Yield,H2 Selectivity,H2 % Yield,CH4 Conversion,H2O+CO2 Selectivity,H2O+CO2 yield,Exit Temp,Peak Temp,Dist to peak temp
0,[Pt],0.0,0.0,0.0,0.0,0.0,0.0,0.0,0.0,0.0,1.91643526445e-12,-2.52368538765e-10,-26.7936507937
1,[Pt],0.0,0.0,0.0,0.0,0.0,0.0,0.0,0.0,0.0,2.14380893989e-12,-2.50988055735e-10,-6.15873015873
2,O=[Pt],0.0,0.0,0.0,0.0,0.0,0.0,0.0,0.0,0.0,-4.54747350886e-13,-2.53278033466e-10,19.5555555556
3,C[Pt],0.0,0.0,0.0,0.0,0.0,0.0,0.0,0.0,0.0,2.25749577762e-12,-2.53781503748e-10,-26.9841269841
4,O[Pt],0.0,0.0,0.0,0.0,0.0,0.0,0.0,0.0,0.0,-2.59855629078e-13,-2.0835549159e-10,-28.9523809524
5,O.[Pt],0.0,0.0,0.0,0.0,0.0,0.0,0.0,0.0,0.0,-1.73778451946e-12,-2.52823286115e-10,15.3650793651
6,O=C=O.[Pt],0.0,0.0,0.0,0.0,0.0,0.0,0.0,0.0,0.0,2.12756796308e-12,-2.50468344477e-10,17.4603174603
7,O=C=[Pt],0.0,0.0,0.0,0.0,0.0,0.0,0.0,0.0,0.0,1.85147135718e-12,-2.52758322208e-10,-26.6031746032
8,C~[Pt],0.0,0.0,0.0,0.0,0.0,0.0,0.0,0.0,0.0,-1.26679619176e-12,-2.23881865427e-10,-26.4761904762
9,C=[Pt],0.0,0.0,0.0,0.0,0.0,0.0,0.0,0.0,0.0,2.32245968488e-12,-2.51897550437e-10,-19.746031746
10,C#[Pt],0.0,0.0,0.0,0.0,0.0,0.0,0.0,0.0,0.0,2.17629089353e-12,-2.52449743649e-10,-32.0
11,C.[Pt],0.0,0.0,0.0,0.0,0.0,0.0,0.0,0.0,0.0,-3.0857855953e-13,-2.49883669311e-10,-32.5079365079
12,[H][H].[Pt],0.0,0.0,0.0,0.0,0.0,0.0,0.0,0.0,0.0,2.40366456897e-12,-2.51913791414e-10,-24.6349206349
13,CC.[Pt],0.0,0.0,0.0,0.0,0.0,0.0,0.0,0.0,0.0,2.11132698626e-12,-2.52401020718e-10,20.9523809524
14,C=C.[Pt],0.0,0.0,0.0,0.0,0.0,0.0,0.0,0.0,0.0,-4.06024420434e-13,-2.52579671463e-10,-31.9365079365
15,[CH]C.[Pt],0.0,0.0,0.0,0.0,0.0,0.0,0.0,0.0,0.0,-4.06024420434e-13,-2.52579671463e-10,-31.9365079365
