,Reaction,SYNGAS Selec,SYNGAS Yield,CO Selectivity,CO % Yield,H2 Selectivity,H2 % Yield,CH4 Conversion,H2O+CO2 Selectivity,H2O+CO2 yield,Exit Temp,Peak Temp,Dist to peak temp
0,[Pt],0.0,0.0,0.0,0.0,0.0,0.0,0.0,0.0,0.0,4.38506374069e-13,-1.1206274004e-12,-36.4765669113
1,[Pt],0.0,0.0,0.0,0.0,0.0,0.0,0.0,0.0,0.0,-1.94891721808e-13,-2.17629089353e-12,-4.63015245624
2,O=[Pt],0.0,0.0,0.0,0.0,0.0,0.0,0.0,0.0,0.0,-2.28997773125e-12,4.70988327704e-13,1.97628458498
3,C[Pt],0.0,0.0,0.0,0.0,0.0,0.0,0.0,0.0,0.0,5.35952234973e-13,7.30843956782e-13,-8.01806888763
4,O[Pt],0.0,0.0,0.0,0.0,0.0,0.0,0.0,0.0,0.0,6.00916142243e-13,-1.41296498311e-12,-28.345567476
5,O.[Pt],0.0,0.0,0.0,0.0,0.0,0.0,0.0,0.0,0.0,1.28303716857e-12,1.68906158901e-12,-38.0011293055
6,O=C=O.[Pt],0.0,0.0,0.0,0.0,0.0,0.0,0.0,0.0,0.0,-2.07884503262e-12,9.74458609042e-13,-3.72670807453
7,O=C=[Pt],0.0,0.0,0.0,0.0,0.0,0.0,0.0,0.0,0.0,1.34800107584e-12,-2.92337582713e-13,-2.5974025974
8,C~[Pt],0.0,0.0,0.0,0.0,0.0,0.0,0.0,0.0,0.0,-2.24937528921e-11,-1.54289279765e-12,-37.0976849238
9,C=[Pt],0.0,0.0,0.0,0.0,0.0,0.0,0.0,0.0,0.0,-1.4941698672e-12,-8.60771771321e-13,-23.8848108413
10,C#[Pt],0.0,0.0,0.0,0.0,0.0,0.0,0.0,0.0,0.0,-1.13686837722e-13,-2.82592996622e-12,-58.8932806324
11,C.[Pt],0.0,0.0,0.0,0.0,0.0,0.0,0.0,0.0,0.0,-1.46168791356e-13,5.73306481653e-12,-40.146809712
12,[H][H].[Pt],0.0,0.0,0.0,0.0,0.0,0.0,0.0,0.0,0.0,1.83523038036e-12,6.96737905465e-12,-38.3963862225
13,CC.[Pt],0.0,0.0,0.0,0.0,0.0,0.0,0.0,0.0,0.0,4.54747350886e-13,-6.00916142243e-13,-42.123094297
14,C=C.[Pt],0.0,0.0,0.0,0.0,0.0,0.0,0.0,0.0,0.0,1.62409768174e-12,-4.87229304521e-14,-42.518351214
15,[CH]C.[Pt],0.0,0.0,0.0,0.0,0.0,0.0,0.0,0.0,0.0,1.62409768174e-12,-4.87229304521e-14,-42.518351214
