,Reaction,SYNGAS Selec,SYNGAS Yield,CO Selectivity,CO % Yield,H2 Selectivity,H2 % Yield,CH4 Conversion,H2O+CO2 Selectivity,H2O+CO2 yield,Exit Temp,Peak Temp,Dist to peak temp
0,[Pt],0.0,0.0,0.0,0.0,0.0,0.0,0.0,0.0,0.0,1.00694056268e-11,-3.24819536347e-14,1400.0
1,[Pt],0.0,0.0,0.0,0.0,0.0,0.0,0.0,0.0,0.0,9.12742897136e-12,-3.24819536347e-14,1400.0
2,O=[Pt],0.0,0.0,0.0,0.0,0.0,0.0,0.0,0.0,0.0,8.80260943502e-12,-3.24819536347e-14,1400.0
3,C[Pt],0.0,0.0,0.0,0.0,0.0,0.0,0.0,0.0,0.0,8.86757334229e-12,-3.24819536347e-14,1400.0
4,O[Pt],0.0,0.0,0.0,0.0,0.0,0.0,0.0,0.0,0.0,8.05552450142e-12,-3.24819536347e-14,1400.0
5,O.[Pt],0.0,0.0,0.0,0.0,0.0,0.0,0.0,0.0,0.0,8.70516357411e-12,3.24819536347e-14,63666.6666667
6,O=C=O.[Pt],0.0,0.0,0.0,0.0,0.0,0.0,0.0,0.0,0.0,9.69586315997e-12,-3.24819536347e-14,1400.0
7,O=C=[Pt],0.0,0.0,0.0,0.0,0.0,0.0,0.0,0.0,0.0,9.02998311046e-12,-3.24819536347e-14,1400.0
8,C~[Pt],0.0,0.0,0.0,0.0,0.0,0.0,0.0,0.0,0.0,1.67282061219e-11,6.31773998196e-12,232100.0
9,C=[Pt],0.0,0.0,0.0,0.0,0.0,0.0,0.0,0.0,0.0,8.72140455093e-12,-3.24819536347e-14,1400.0
10,C#[Pt],0.0,0.0,0.0,0.0,0.0,0.0,0.0,0.0,0.0,8.3153801305e-12,-3.24819536347e-14,1400.0
11,C.[Pt],0.0,0.0,0.0,0.0,0.0,0.0,0.0,0.0,0.0,9.95571878905e-12,-3.24819536347e-14,1400.0
12,[H][H].[Pt],0.0,0.0,0.0,0.0,0.0,0.0,0.0,0.0,0.0,8.65644064366e-12,-3.24819536347e-14,1400.0
13,CC.[Pt],0.0,0.0,0.0,0.0,0.0,0.0,0.0,0.0,0.0,8.55899478276e-12,-3.24819536347e-14,1400.0
14,C=C.[Pt],0.0,0.0,0.0,0.0,0.0,0.0,0.0,0.0,0.0,9.09494701773e-12,-3.24819536347e-14,1400.0
15,[CH]C.[Pt],0.0,0.0,0.0,0.0,0.0,0.0,0.0,0.0,0.0,9.09494701773e-12,-3.24819536347e-14,1400.0
