,Reaction,SYNGAS Selec,SYNGAS Yield,CO Selectivity,CO % Yield,H2 Selectivity,H2 % Yield,CH4 Conversion,H2O+CO2 Selectivity,H2O+CO2 yield,Exit Temp,Peak Temp,Dist to peak temp
0,[Pt],0.0,0.0,0.0,0.0,0.0,0.0,0.0,0.0,0.0,-1.20183228449e-12,1.02318153949e-12,3117.5
1,[Pt],0.0,0.0,0.0,0.0,0.0,0.0,0.0,0.0,0.0,-3.3618822012e-12,4.70988327704e-13,2595.0
2,O=[Pt],0.0,0.0,0.0,0.0,0.0,0.0,0.0,0.0,0.0,-1.31551912221e-12,3.0857855953e-13,670.0
3,C[Pt],0.0,0.0,0.0,0.0,0.0,0.0,0.0,0.0,0.0,-1.57537475129e-12,8.12048840869e-13,3097.5
4,O[Pt],0.0,0.0,0.0,0.0,0.0,0.0,0.0,0.0,0.0,-1.15310935403e-12,1.31551912221e-12,3015.0
5,O.[Pt],0.0,0.0,0.0,0.0,0.0,0.0,0.0,0.0,0.0,-1.1206274004e-12,6.65880049512e-13,2772.5
6,O=C=O.[Pt],0.0,0.0,0.0,0.0,0.0,0.0,0.0,0.0,0.0,-1.44544693675e-12,7.95807864051e-13,3910.0
7,O=C=[Pt],0.0,0.0,0.0,0.0,0.0,0.0,0.0,0.0,0.0,-1.36424205266e-12,3.0857855953e-13,670.0
8,C~[Pt],0.0,0.0,0.0,0.0,0.0,0.0,0.0,0.0,0.0,-2.76096605895e-13,1.90019428763e-12,2552.5
9,C=[Pt],0.0,0.0,0.0,0.0,0.0,0.0,0.0,0.0,0.0,-1.1206274004e-12,2.30621870807e-12,3027.5
10,C#[Pt],0.0,0.0,0.0,0.0,0.0,0.0,0.0,0.0,0.0,-1.05566349313e-12,2.16004991671e-12,3755.0
11,C.[Pt],0.0,0.0,0.0,0.0,0.0,0.0,0.0,0.0,0.0,-1.5916157281e-12,7.79566887234e-13,2497.5
12,[H][H].[Pt],0.0,0.0,0.0,0.0,0.0,0.0,0.0,0.0,0.0,-1.1206274004e-12,2.97209875758e-12,3587.5
13,CC.[Pt],0.0,0.0,0.0,0.0,0.0,0.0,0.0,0.0,0.0,-6.49639072695e-13,3.0857855953e-13,670.0
14,C=C.[Pt],0.0,0.0,0.0,0.0,0.0,0.0,0.0,0.0,0.0,2.27373675443e-13,5.03470281339e-13,2865.0
15,[CH]C.[Pt],0.0,0.0,0.0,0.0,0.0,0.0,0.0,0.0,0.0,2.27373675443e-13,5.03470281339e-13,2865.0
