,Reaction,SYNGAS Selec,SYNGAS Yield,CO Selectivity,CO % Yield,H2 Selectivity,H2 % Yield,CH4 Conversion,H2O+CO2 Selectivity,H2O+CO2 yield,Exit Temp,Peak Temp,Dist to peak temp
0,[Pt],0.0,0.0,0.0,0.0,0.0,0.0,0.0,0.0,0.0,1.01181285572e-11,6.04164337606e-12,9.92493744787
1,[Pt],0.0,0.0,0.0,0.0,0.0,0.0,0.0,0.0,0.0,1.11413100967e-11,5.22959453519e-12,31.4428690575
2,O=[Pt],0.0,0.0,0.0,0.0,0.0,0.0,0.0,0.0,0.0,3.86535248254e-12,8.93253724956e-13,21.0175145955
3,C[Pt],0.0,0.0,0.0,0.0,0.0,0.0,0.0,0.0,0.0,3.63797880709e-12,8.44530794503e-13,22.1017514595
4,O[Pt],0.0,0.0,0.0,0.0,0.0,0.0,0.0,0.0,0.0,4.2064129957e-12,2.59855629078e-13,13.4278565471
5,O.[Pt],0.0,0.0,0.0,0.0,0.0,0.0,0.0,0.0,0.0,7.99056059415e-12,2.90713485031e-12,31.2760633862
6,O=C=O.[Pt],0.0,0.0,0.0,0.0,0.0,0.0,0.0,0.0,0.0,5.45696821064e-12,5.84675165425e-13,-12.3436196831
7,O=C=[Pt],0.0,0.0,0.0,0.0,0.0,0.0,0.0,0.0,0.0,1.02642973486e-11,3.96279834344e-12,62.8023352794
8,C~[Pt],0.0,0.0,0.0,0.0,0.0,0.0,0.0,0.0,0.0,2.85841191986e-12,-3.24819536347e-14,-18.7656380317
9,C=[Pt],0.0,0.0,0.0,0.0,0.0,0.0,0.0,0.0,0.0,1.0670321769e-11,4.80732913794e-12,34.612176814
10,C#[Pt],0.0,0.0,0.0,0.0,0.0,0.0,0.0,0.0,0.0,3.78414759845e-12,1.31551912221e-12,19.4328607173
11,C.[Pt],0.0,0.0,0.0,0.0,0.0,0.0,0.0,0.0,0.0,4.54747350886e-12,1.25055521494e-12,32.9441201001
12,[H][H].[Pt],0.0,0.0,0.0,0.0,0.0,0.0,0.0,0.0,0.0,9.79330902088e-12,5.34328137292e-12,25.3544620517
13,CC.[Pt],0.0,0.0,0.0,0.0,0.0,0.0,0.0,0.0,0.0,4.02776225071e-12,4.06024420434e-13,-11.6763969975
14,C=C.[Pt],0.0,0.0,0.0,0.0,0.0,0.0,0.0,0.0,0.0,3.05330364167e-12,3.42684610847e-12,-12.9274395329
15,[CH]C.[Pt],0.0,0.0,0.0,0.0,0.0,0.0,0.0,0.0,0.0,3.05330364167e-12,3.42684610847e-12,-12.9274395329
