,Reaction,SYNGAS Selec,SYNGAS Yield,CO Selectivity,CO % Yield,H2 Selectivity,H2 % Yield,CH4 Conversion,H2O+CO2 Selectivity,H2O+CO2 yield,Exit Temp,Peak Temp,Dist to peak temp
0,[Pt],0.0,0.0,0.0,0.0,0.0,0.0,0.0,0.0,0.0,-5.48945016426e-12,1.29927814539e-13,-57.3463746545
1,[Pt],0.0,0.0,0.0,0.0,0.0,0.0,0.0,0.0,0.0,-5.60313700198e-12,-3.556773923e-12,-57.4952158197
2,O=[Pt],0.0,0.0,0.0,0.0,0.0,0.0,0.0,0.0,0.0,-1.48117708574e-11,-1.64033865855e-12,-57.1762704657
3,C[Pt],0.0,0.0,0.0,0.0,0.0,0.0,0.0,0.0,0.0,-5.47320918744e-12,-2.28997773124e-12,-57.0061662768
4,O[Pt],0.0,0.0,0.0,0.0,0.0,0.0,0.0,0.0,0.0,-5.16463062791e-12,-1.90019428763e-12,-54.3057622794
5,O.[Pt],0.0,0.0,0.0,0.0,0.0,0.0,0.0,0.0,0.0,-5.66810090925e-12,-2.07884503262e-12,-57.4739527961
6,O=C=O.[Pt],0.0,0.0,0.0,0.0,0.0,0.0,0.0,0.0,0.0,-5.66810090925e-12,-2.72848410531e-12,-57.4739527961
7,O=C=[Pt],0.0,0.0,0.0,0.0,0.0,0.0,0.0,0.0,0.0,-9.95571878903e-12,-7.14602979963e-13,-56.091856262
8,C~[Pt],0.0,0.0,0.0,0.0,0.0,0.0,0.0,0.0,0.0,-5.1483896511e-12,-3.67046076072e-12,-57.4739527961
9,C=[Pt],0.0,0.0,0.0,0.0,0.0,0.0,0.0,0.0,0.0,-6.5613546342e-12,-2.9071348503e-12,-57.2825855837
10,C#[Pt],0.0,0.0,0.0,0.0,0.0,0.0,0.0,0.0,0.0,-7.08106589236e-12,-1.13686837721e-12,-57.4314267489
11,C.[Pt],0.0,0.0,0.0,0.0,0.0,0.0,0.0,0.0,0.0,-3.88159345934e-12,-2.46862847623e-12,-57.4739527961
12,[H][H].[Pt],0.0,0.0,0.0,0.0,0.0,0.0,0.0,0.0,0.0,-5.29455844245e-12,-1.88395331081e-12,-57.0274293004
13,CC.[Pt],0.0,0.0,0.0,0.0,0.0,0.0,0.0,0.0,0.0,-5.83051067742e-12,-3.37812317801e-12,-57.0274293004
14,C=C.[Pt],0.0,0.0,0.0,0.0,0.0,0.0,0.0,0.0,0.0,-6.23653509786e-12,-3.36188220119e-12,-57.4952158197
15,[CH]C.[Pt],0.0,0.0,0.0,0.0,0.0,0.0,0.0,0.0,0.0,-6.23653509786e-12,-3.36188220119e-12,-57.4952158197
