,Reaction,SYNGAS Selec,SYNGAS Yield,CO Selectivity,CO % Yield,H2 Selectivity,H2 % Yield,CH4 Conversion,H2O+CO2 Selectivity,H2O+CO2 yield,Exit Temp,Peak Temp,Dist to peak temp
0,[Pt],0.0,0.0,0.0,0.0,0.0,0.0,0.0,0.0,0.0,-2.01388112535e-12,-4.2226539725e-13,-2.48659190639
1,[Pt],0.0,0.0,0.0,0.0,0.0,0.0,0.0,0.0,0.0,-1.01993334413e-11,-1.78650744991e-13,-2.34032179425
2,O=[Pt],0.0,0.0,0.0,0.0,0.0,0.0,0.0,0.0,0.0,-9.33856166996e-12,-3.57301489981e-13,-2.38907849829
3,C[Pt],0.0,0.0,0.0,0.0,0.0,0.0,0.0,0.0,0.0,-2.72848410531e-12,5.52193211789e-13,5.26572403706
4,O[Pt],0.0,0.0,0.0,0.0,0.0,0.0,0.0,0.0,0.0,-1.55101328605e-11,-1.88395331081e-12,-2.14529497806
5,O.[Pt],0.0,0.0,0.0,0.0,0.0,0.0,0.0,0.0,0.0,-1.73616042177e-11,4.8722930452e-14,-1.21891760117
6,O=C=O.[Pt],0.0,0.0,0.0,0.0,0.0,0.0,0.0,0.0,0.0,-1.73778451945e-12,3.24819536346e-13,-1.51145782545
7,O=C=[Pt],0.0,0.0,0.0,0.0,0.0,0.0,0.0,0.0,0.0,-9.97195976584e-12,-4.54747350885e-13,-1.17016089712
8,C~[Pt],0.0,0.0,0.0,0.0,0.0,0.0,0.0,0.0,0.0,-7.58453617369e-12,-3.89783443616e-13,-2.19405168211
9,C=[Pt],0.0,0.0,0.0,0.0,0.0,0.0,0.0,0.0,0.0,-8.67268162045e-12,-7.95807864049e-13,-1.75524134569
10,C#[Pt],0.0,0.0,0.0,0.0,0.0,0.0,0.0,0.0,0.0,-9.07870604088e-12,-4.54747350885e-13,-1.70648464164
11,C.[Pt],0.0,0.0,0.0,0.0,0.0,0.0,0.0,0.0,0.0,-3.15074950256e-12,-8.60771771318e-13,-0.926377376889
12,[H][H].[Pt],0.0,0.0,0.0,0.0,0.0,0.0,0.0,0.0,0.0,-9.41976655405e-12,1.94891721808e-13,-2.38907849829
13,CC.[Pt],0.0,0.0,0.0,0.0,0.0,0.0,0.0,0.0,0.0,-2.66352019804e-12,-5.19711258154e-13,-0.926377376889
14,C=C.[Pt],0.0,0.0,0.0,0.0,0.0,0.0,0.0,0.0,0.0,-7.97431961731e-12,-1.94891721808e-13,-0.731350560702
15,[CH]C.[Pt],0.0,0.0,0.0,0.0,0.0,0.0,0.0,0.0,0.0,-7.97431961731e-12,-1.94891721808e-13,-0.731350560702
