,Reaction,SYNGAS Selec,SYNGAS Yield,CO Selectivity,CO % Yield,H2 Selectivity,H2 % Yield,CH4 Conversion,H2O+CO2 Selectivity,H2O+CO2 yield,Exit Temp,Peak Temp,Dist to peak temp
0,[Pt],0.0,0.0,0.0,0.0,0.0,0.0,0.0,0.0,0.0,-2.64727922122e-12,-9.25735678587e-13,0.148662041625
1,[Pt],0.0,0.0,0.0,0.0,0.0,0.0,0.0,0.0,0.0,-3.63797880708e-12,-4.54747350885e-13,0.0
2,O=[Pt],0.0,0.0,0.0,0.0,0.0,0.0,0.0,0.0,0.0,-3.91407541297e-12,-7.14602979962e-13,-0.743310208127
3,C[Pt],0.0,0.0,0.0,0.0,0.0,0.0,0.0,0.0,0.0,-3.0045807112e-12,-1.85147135717e-12,2.32903865213
4,O[Pt],0.0,0.0,0.0,0.0,0.0,0.0,0.0,0.0,0.0,-4.1252081116e-12,-1.42920595992e-12,-0.148662041625
5,O.[Pt],0.0,0.0,0.0,0.0,0.0,0.0,0.0,0.0,0.0,-1.73453632409e-11,-7.47084933597e-13,-0.941526263627
6,O=C=O.[Pt],0.0,0.0,0.0,0.0,0.0,0.0,0.0,0.0,0.0,-1.36424205265e-12,-6.98362003145e-13,9.51437066402
7,O=C=[Pt],0.0,0.0,0.0,0.0,0.0,0.0,0.0,0.0,0.0,-1.80274842672e-12,-4.2226539725e-13,19.6233894945
8,C~[Pt],0.0,0.0,0.0,0.0,0.0,0.0,0.0,0.0,0.0,-9.90699585857e-13,3.73542466798e-13,-0.346878097126
9,C=[Pt],0.0,0.0,0.0,0.0,0.0,0.0,0.0,0.0,0.0,-3.88159345934e-12,-1.08814544676e-12,-0.792864222002
10,C#[Pt],0.0,0.0,0.0,0.0,0.0,0.0,0.0,0.0,0.0,-1.20183228448e-12,-1.42920595992e-12,-0.743310208127
11,C.[Pt],0.0,0.0,0.0,0.0,0.0,0.0,0.0,0.0,0.0,1.62409768173e-13,-4.2226539725e-13,163.330029732
12,[H][H].[Pt],0.0,0.0,0.0,0.0,0.0,0.0,0.0,0.0,0.0,-2.84217094303e-12,-1.689061589e-12,30.4261645193
13,CC.[Pt],0.0,0.0,0.0,0.0,0.0,0.0,0.0,0.0,0.0,-8.12048840866e-13,-3.73542466798e-13,71.7046580773
14,C=C.[Pt],0.0,0.0,0.0,0.0,0.0,0.0,0.0,0.0,0.0,-2.87465289667e-12,-1.78650744991e-12,-0.594648166501
15,[CH]C.[Pt],0.0,0.0,0.0,0.0,0.0,0.0,0.0,0.0,0.0,-2.87465289667e-12,-1.78650744991e-12,-0.594648166501
