,Reaction,SYNGAS Selec,SYNGAS Yield,CO Selectivity,CO % Yield,H2 Selectivity,H2 % Yield,CH4 Conversion,H2O+CO2 Selectivity,H2O+CO2 yield,Exit Temp,Peak Temp,Dist to peak temp
0,[Pt],0.0,0.0,0.0,0.0,0.0,0.0,0.0,0.0,0.0,-4.64491936975e-12,-4.48250960158e-12,105.413887799
1,[Pt],0.0,0.0,0.0,0.0,0.0,0.0,0.0,0.0,0.0,5.97667946877e-12,6.1878121674e-12,81.3652412711
2,O=[Pt],0.0,0.0,0.0,0.0,0.0,0.0,0.0,0.0,0.0,-4.54747350885e-13,-3.24819536346e-13,152.844252648
3,C[Pt],0.0,0.0,0.0,0.0,0.0,0.0,0.0,0.0,0.0,-2.93961680393e-12,-3.15074950256e-12,164.495880738
4,O[Pt],0.0,0.0,0.0,0.0,0.0,0.0,0.0,0.0,0.0,-4.17393104205e-12,-3.36188220118e-12,-20.7924676344
5,O.[Pt],0.0,0.0,0.0,0.0,0.0,0.0,0.0,0.0,0.0,1.23431423812e-12,1.18559130766e-12,173.362102785
6,O=C=O.[Pt],0.0,0.0,0.0,0.0,0.0,0.0,0.0,0.0,0.0,-3.21571340983e-12,-2.93961680393e-12,18.3601412319
7,O=C=[Pt],0.0,0.0,0.0,0.0,0.0,0.0,0.0,0.0,0.0,-2.95585778075e-12,-2.64727922122e-12,147.901137701
8,C~[Pt],0.0,0.0,0.0,0.0,0.0,0.0,0.0,0.0,0.0,-4.64491936975e-12,-3.93031638979e-12,-1.25539427226
9,C=[Pt],0.0,0.0,0.0,0.0,0.0,0.0,0.0,0.0,0.0,-3.50805099254e-12,-2.87465289666e-12,-3.76618281679
10,C#[Pt],0.0,0.0,0.0,0.0,0.0,0.0,0.0,0.0,0.0,4.85605206838e-12,4.6936423002e-12,168.026677128
11,C.[Pt],0.0,0.0,0.0,0.0,0.0,0.0,0.0,0.0,0.0,-3.55677392299e-12,-2.67976117486e-12,105.139270302
12,[H][H].[Pt],0.0,0.0,0.0,0.0,0.0,0.0,0.0,0.0,0.0,1.93267624126e-12,2.22501382397e-12,146.253432719
13,CC.[Pt],0.0,0.0,0.0,0.0,0.0,0.0,0.0,0.0,0.0,-4.28761787977e-12,-4.10896713478e-12,86.3475872891
14,C=C.[Pt],0.0,0.0,0.0,0.0,0.0,0.0,0.0,0.0,0.0,2.45238749941e-12,2.48486945305e-12,160.258925069
15,[CH]C.[Pt],0.0,0.0,0.0,0.0,0.0,0.0,0.0,0.0,0.0,2.19253187034e-12,2.6310382444e-12,155.786582974
