,Reaction,SYNGAS Selec,SYNGAS Yield,CO Selectivity,CO % Yield,H2 Selectivity,H2 % Yield,CH4 Conversion,H2O+CO2 Selectivity,H2O+CO2 yield,Exit Temp,Peak Temp,Dist to peak temp
0,[Pt],0.0,0.0,0.0,0.0,0.0,0.0,0.0,0.0,0.0,3.73542466798e-13,-1.05566349312e-12,165.7
1,[Pt],0.0,0.0,0.0,0.0,0.0,0.0,0.0,0.0,0.0,7.63325910413e-13,4.06024420433e-13,22.55
2,O=[Pt],0.0,0.0,0.0,0.0,0.0,0.0,0.0,0.0,0.0,2.76096605894e-12,1.88395331081e-12,248.85
3,C[Pt],0.0,0.0,0.0,0.0,0.0,0.0,0.0,0.0,0.0,3.89783443615e-13,-7.47084933596e-13,223.15
4,O[Pt],0.0,0.0,0.0,0.0,0.0,0.0,0.0,0.0,0.0,7.79566887231e-13,-6.33398095875e-13,16.65
5,O.[Pt],0.0,0.0,0.0,0.0,0.0,0.0,0.0,0.0,0.0,1.25055521493e-12,5.35952234971e-13,241.4
6,O=C=O.[Pt],0.0,0.0,0.0,0.0,0.0,0.0,0.0,0.0,0.0,8.28289817682e-13,-6.65880049509e-13,9.65
7,O=C=[Pt],0.0,0.0,0.0,0.0,0.0,0.0,0.0,0.0,0.0,1.47792889037e-12,3.57301489981e-13,185.65
8,C~[Pt],0.0,0.0,0.0,0.0,0.0,0.0,0.0,0.0,0.0,-3.41060513163e-13,-1.36424205265e-12,97.1
9,C=[Pt],0.0,0.0,0.0,0.0,0.0,0.0,0.0,0.0,0.0,1.83523038036e-12,5.52193211788e-13,129.45
10,C#[Pt],0.0,0.0,0.0,0.0,0.0,0.0,0.0,0.0,0.0,6.49639072692e-13,-8.12048840865e-13,132.45
11,C.[Pt],0.0,0.0,0.0,0.0,0.0,0.0,0.0,0.0,0.0,2.59855629077e-13,-7.63325910413e-13,200.55
12,[H][H].[Pt],0.0,0.0,0.0,0.0,0.0,0.0,0.0,0.0,0.0,1.39672400629e-12,3.57301489981e-13,150.8
13,CC.[Pt],0.0,0.0,0.0,0.0,0.0,0.0,0.0,0.0,0.0,9.25735678586e-13,3.41060513163e-13,159.85
14,C=C.[Pt],0.0,0.0,0.0,0.0,0.0,0.0,0.0,0.0,0.0,2.11132698625e-13,-7.30843956779e-13,12.9
15,[CH]C.[Pt],0.0,0.0,0.0,0.0,0.0,0.0,0.0,0.0,0.0,6.49639072692e-13,-8.12048840865e-13,226.55
