,C/O ratio,CH4 Conv,O2 Conv,CO Selec,H2 Selec,H2O Selec
0,0.699999999999,9.49738549335e-11,2.65891904262e-10,4.64292735238e-05,0.000405680235631,0.666259570273
1,0.800000000001,8.65686292492e-11,2.76878704091e-10,5.09185542169e-05,0.00041246647023,0.666254422429
2,1.1,6.92136533272e-11,3.04361721804e-10,6.36218553125e-05,0.000433272448377,0.666235559264
3,1.4,5.83000616793e-11,3.26114935585e-10,7.55260159867e-05,0.000454710542036,0.666212673157
4,1.6,5.29211978472e-11,3.38477993781e-10,8.31441096225e-05,0.000469238641368,0.666196743674
5,2.0,4.49770908348e-11,3.59625091611e-10,9.77946352627e-05,0.000498558342533,0.66616920778
6,2.39999999999,3.9338126231e-11,3.77365886158e-10,0.000111811161307,0.00052789917399,0.666141094276
