,Reaction,SYNGAS Selec,SYNGAS Yield,CO Selectivity,CO % Yield,H2 Selectivity,H2 % Yield,CH4 Conversion,H2O+CO2 Selectivity,H2O+CO2 yield,Exit Temp,Peak Temp,Dist to peak temp
0,[Pt],0.0,0.0,0.0,0.0,0.0,0.0,0.0,0.0,0.0,-1.02318153949e-12,-8.12048840869e-14,166.666666667
1,[Pt],0.0,0.0,0.0,0.0,0.0,0.0,0.0,0.0,0.0,-6.00916142243e-13,-8.12048840869e-14,166.666666667
2,O=[Pt],0.0,0.0,0.0,0.0,0.0,0.0,0.0,0.0,0.0,-1.10438642358e-12,-8.12048840869e-14,166.666666667
3,C[Pt],0.0,0.0,0.0,0.0,0.0,0.0,0.0,0.0,0.0,-2.30621870807e-12,-8.12048840869e-14,166.666666667
4,O[Pt],0.0,0.0,0.0,0.0,0.0,0.0,0.0,0.0,0.0,-8.93253724956e-13,-8.12048840869e-14,166.666666667
5,O.[Pt],0.0,0.0,0.0,0.0,0.0,0.0,0.0,0.0,0.0,-1.94891721808e-12,-8.12048840869e-14,166.666666667
6,O=C=O.[Pt],0.0,0.0,0.0,0.0,0.0,0.0,0.0,0.0,0.0,-9.9069958586e-13,-8.12048840869e-14,166.666666667
7,O=C=[Pt],0.0,0.0,0.0,0.0,0.0,0.0,0.0,0.0,0.0,-1.44544693675e-12,-8.12048840869e-14,166.666666667
8,C~[Pt],0.0,0.0,0.0,0.0,0.0,0.0,0.0,0.0,0.0,-6.1715711906e-13,-8.12048840869e-14,166.666666667
9,C=[Pt],0.0,0.0,0.0,0.0,0.0,0.0,0.0,0.0,0.0,-1.05566349313e-12,-8.12048840869e-14,166.666666667
10,C#[Pt],0.0,0.0,0.0,0.0,0.0,0.0,0.0,0.0,0.0,-2.16004991671e-12,-8.12048840869e-14,166.666666667
11,C.[Pt],0.0,0.0,0.0,0.0,0.0,0.0,0.0,0.0,0.0,-1.99764014854e-12,-8.12048840869e-14,166.666666667
12,[H][H].[Pt],0.0,0.0,0.0,0.0,0.0,0.0,0.0,0.0,0.0,-1.88395331082e-12,-8.12048840869e-14,166.666666667
13,[C-]#[O+].[Pt],0.0,0.0,0.0,0.0,0.0,0.0,0.0,0.0,0.0,-2.12756796308e-12,-8.12048840869e-14,166.666666667
14,CC.[Pt],0.0,0.0,0.0,0.0,0.0,0.0,0.0,0.0,0.0,-1.68906158901e-12,-8.12048840869e-14,166.666666667
15,C=C.[Pt],0.0,0.0,0.0,0.0,0.0,0.0,0.0,0.0,0.0,-8.77012748138e-13,-8.12048840869e-14,166.666666667
16,[CH]C.[Pt],0.0,0.0,0.0,0.0,0.0,0.0,0.0,0.0,0.0,-8.77012748138e-13,-8.12048840869e-14,166.666666667
