,Reaction,SYNGAS Selec,SYNGAS Yield,CO Selectivity,CO % Yield,H2 Selectivity,H2 % Yield,CH4 Conversion,H2O+CO2 Selectivity,H2O+CO2 yield,Exit Temp,Peak Temp,Dist to peak temp
0,[Pt],0.0,0.0,0.0,0.0,0.0,0.0,0.0,0.0,0.0,-5.37576332655e-12,-9.58217632225e-13,-68.1005110733
1,[Pt],0.0,0.0,0.0,0.0,0.0,0.0,0.0,0.0,0.0,-5.01846183657e-12,-9.58217632225e-13,-68.1005110733
2,O=[Pt],0.0,0.0,0.0,0.0,0.0,0.0,0.0,0.0,0.0,-4.5799554625e-12,-9.58217632225e-13,-68.1005110733
3,C[Pt],0.0,0.0,0.0,0.0,0.0,0.0,0.0,0.0,0.0,-4.75860620749e-12,-9.58217632225e-13,-68.1005110733
4,O[Pt],0.0,0.0,0.0,0.0,0.0,0.0,0.0,0.0,0.0,-3.52429196937e-12,-6.65880049512e-13,-14.6933560477
5,O.[Pt],0.0,0.0,0.0,0.0,0.0,0.0,0.0,0.0,0.0,-3.84911150572e-12,-9.58217632225e-13,-68.1005110733
6,O=C=O.[Pt],0.0,0.0,0.0,0.0,0.0,0.0,0.0,0.0,0.0,-3.67046076073e-12,-9.58217632225e-13,-68.1005110733
7,O=C=[Pt],0.0,0.0,0.0,0.0,0.0,0.0,0.0,0.0,0.0,-3.28067731711e-12,-9.58217632225e-13,-68.1005110733
8,C~[Pt],0.0,0.0,0.0,0.0,0.0,0.0,0.0,0.0,0.0,-3.89783443617e-12,-9.2573567859e-13,-13.1175468484
9,C=[Pt],0.0,0.0,0.0,0.0,0.0,0.0,0.0,0.0,0.0,-4.46626862478e-12,-9.58217632225e-13,-68.1005110733
10,C#[Pt],0.0,0.0,0.0,0.0,0.0,0.0,0.0,0.0,0.0,-3.18323145621e-12,-9.58217632225e-13,-68.1005110733
11,C.[Pt],0.0,0.0,0.0,0.0,0.0,0.0,0.0,0.0,0.0,-5.09966672066e-12,-9.58217632225e-13,-68.1005110733
12,[H][H].[Pt],0.0,0.0,0.0,0.0,0.0,0.0,0.0,0.0,0.0,-3.58925587664e-12,1.45194332747e-11,-57.4105621806
13,[C-]#[O+].[Pt],0.0,0.0,0.0,0.0,0.0,0.0,0.0,0.0,0.0,-5.21335355838e-12,-7.63325910417e-13,-57.4105621806
14,CC.[Pt],0.0,0.0,0.0,0.0,0.0,0.0,0.0,0.0,0.0,-4.83981109158e-12,-9.58217632225e-13,-68.1005110733
15,C=C.[Pt],0.0,0.0,0.0,0.0,0.0,0.0,0.0,0.0,0.0,-5.01846183657e-12,-9.58217632225e-13,-68.1005110733
16,[CH]C.[Pt],0.0,0.0,0.0,0.0,0.0,0.0,0.0,0.0,0.0,-5.01846183657e-12,-9.58217632225e-13,-68.1005110733
