,Reaction,SYNGAS Selec,SYNGAS Yield,CO Selectivity,CO % Yield,H2 Selectivity,H2 % Yield,CH4 Conversion,H2O+CO2 Selectivity,H2O+CO2 yield,Exit Temp,Peak Temp,Dist to peak temp
0,[Pt],0.0,0.0,0.0,0.0,0.0,0.0,0.0,0.0,0.0,-4.35258178706e-12,-1.62409768174e-13,1488.88888889
1,[Pt],0.0,0.0,0.0,0.0,0.0,0.0,0.0,0.0,0.0,-3.58925587664e-12,-1.62409768174e-13,1488.88888889
2,O=[Pt],0.0,0.0,0.0,0.0,0.0,0.0,0.0,0.0,0.0,-5.14838965111e-12,-1.62409768174e-13,1488.88888889
3,C[Pt],0.0,0.0,0.0,0.0,0.0,0.0,0.0,0.0,0.0,-6.39894486605e-12,-1.62409768174e-13,1488.88888889
4,O[Pt],0.0,0.0,0.0,0.0,0.0,0.0,0.0,0.0,0.0,-2.92337582713e-12,-1.62409768174e-13,1488.88888889
5,O.[Pt],0.0,0.0,0.0,0.0,0.0,0.0,0.0,0.0,0.0,-4.66116034659e-12,-1.62409768174e-13,1488.88888889
6,O=C=O.[Pt],0.0,0.0,0.0,0.0,0.0,0.0,0.0,0.0,0.0,-4.01152127389e-12,-1.62409768174e-13,1488.88888889
7,O=C=[Pt],0.0,0.0,0.0,0.0,0.0,0.0,0.0,0.0,0.0,-4.64491936977e-12,-1.62409768174e-13,1488.88888889
8,C~[Pt],0.0,0.0,0.0,0.0,0.0,0.0,0.0,0.0,0.0,-4.46626862478e-12,-1.62409768174e-13,1488.88888889
9,C=[Pt],0.0,0.0,0.0,0.0,0.0,0.0,0.0,0.0,0.0,-2.85841191986e-12,2.84330781142e-10,11011.1111111
10,C#[Pt],0.0,0.0,0.0,0.0,0.0,0.0,0.0,0.0,0.0,-4.88853402203e-12,-1.62409768174e-13,1488.88888889
11,C.[Pt],0.0,0.0,0.0,0.0,0.0,0.0,0.0,0.0,0.0,-5.00222085975e-12,6.93489710102e-12,11011.1111111
12,[H][H].[Pt],0.0,0.0,0.0,0.0,0.0,0.0,0.0,0.0,0.0,-2.74472508214e-12,-1.62409768174e-13,1488.88888889
13,[C-]#[O+].[Pt],0.0,0.0,0.0,0.0,0.0,0.0,0.0,0.0,0.0,-2.84217094304e-12,-1.62409768174e-13,1488.88888889
14,CC.[Pt],0.0,0.0,0.0,0.0,0.0,0.0,0.0,0.0,0.0,-4.88853402203e-12,-1.62409768174e-13,1488.88888889
15,C=C.[Pt],0.0,0.0,0.0,0.0,0.0,0.0,0.0,0.0,0.0,-7.45460835917e-12,-1.62409768174e-13,1488.88888889
16,[CH]C.[Pt],0.0,0.0,0.0,0.0,0.0,0.0,0.0,0.0,0.0,-7.45460835917e-12,-1.62409768174e-13,1488.88888889
