,Reaction,SYNGAS Selec,SYNGAS Yield,CO Selectivity,CO % Yield,H2 Selectivity,H2 % Yield,CH4 Conversion,H2O+CO2 Selectivity,H2O+CO2 yield,Exit Temp,Peak Temp,Dist to peak temp
0,[Pt],0.0,0.0,0.0,0.0,0.0,0.0,0.0,0.0,0.0,-2.27373675443e-13,-2.11132698626e-13,25.0453720508
1,[Pt],0.0,0.0,0.0,0.0,0.0,0.0,0.0,0.0,0.0,4.70988327704e-13,-2.11132698626e-13,25.0453720508
2,O=[Pt],0.0,0.0,0.0,0.0,0.0,0.0,0.0,0.0,0.0,-4.22265397252e-13,-2.11132698626e-13,25.0453720508
3,C[Pt],0.0,0.0,0.0,0.0,0.0,0.0,0.0,0.0,0.0,6.49639072695e-14,-2.11132698626e-13,25.0453720508
4,O[Pt],0.0,0.0,0.0,0.0,0.0,0.0,0.0,0.0,0.0,-1.5916157281e-11,-2.11132698626e-13,25.0453720508
5,O.[Pt],0.0,0.0,0.0,0.0,0.0,0.0,0.0,0.0,0.0,-9.74458609042e-13,-2.11132698626e-13,25.0453720508
6,O=C=O.[Pt],0.0,0.0,0.0,0.0,0.0,0.0,0.0,0.0,0.0,-2.76096605895e-13,-2.11132698626e-13,25.0453720508
7,O=C=[Pt],0.0,0.0,0.0,0.0,0.0,0.0,0.0,0.0,0.0,-2.27373675443e-13,-2.11132698626e-13,25.0453720508
8,C~[Pt],0.0,0.0,0.0,0.0,0.0,0.0,0.0,0.0,0.0,-1.17259852621e-11,-2.11132698626e-13,25.0453720508
9,C=[Pt],0.0,0.0,0.0,0.0,0.0,0.0,0.0,0.0,0.0,5.19711258156e-13,-2.11132698626e-13,25.0453720508
10,C#[Pt],0.0,0.0,0.0,0.0,0.0,0.0,0.0,0.0,0.0,2.59855629078e-13,2.12756796308e-12,81.4882032668
11,C.[Pt],0.0,0.0,0.0,0.0,0.0,0.0,0.0,0.0,0.0,3.0857855953e-13,-2.11132698626e-13,25.0453720508
12,[H][H].[Pt],0.0,0.0,0.0,0.0,0.0,0.0,0.0,0.0,0.0,-5.52193211791e-13,-2.11132698626e-13,25.0453720508
13,[C-]#[O+].[Pt],0.0,0.0,0.0,0.0,0.0,0.0,0.0,0.0,0.0,6.1715711906e-13,-2.11132698626e-13,25.0453720508
14,CC.[Pt],0.0,0.0,0.0,0.0,0.0,0.0,0.0,0.0,0.0,3.24819536347e-14,-2.11132698626e-13,25.0453720508
15,C=C.[Pt],0.0,0.0,0.0,0.0,0.0,0.0,0.0,0.0,0.0,-7.95807864051e-13,-2.11132698626e-13,25.0453720508
16,[CH]C.[Pt],0.0,0.0,0.0,0.0,0.0,0.0,0.0,0.0,0.0,-5.84675165425e-13,1.16935033085e-12,81.4882032668
