,Reaction,SYNGAS Selec,SYNGAS Yield,CO Selectivity,CO % Yield,H2 Selectivity,H2 % Yield,CH4 Conversion,H2O+CO2 Selectivity,H2O+CO2 yield,Exit Temp,Peak Temp,Dist to peak temp
0,[Pt],0.0,0.0,0.0,0.0,0.0,0.0,0.0,0.0,0.0,-5.68434188608e-13,-7.61376993198e-11,-24.0
1,[Pt],0.0,0.0,0.0,0.0,0.0,0.0,0.0,0.0,0.0,6.49639072695e-14,-7.61376993198e-11,-24.0
2,O=[Pt],0.0,0.0,0.0,0.0,0.0,0.0,0.0,0.0,0.0,3.89783443617e-13,-7.61376993198e-11,-24.0
3,C[Pt],0.0,0.0,0.0,0.0,0.0,0.0,0.0,0.0,0.0,-6.8212102633e-13,-7.61376993198e-11,-24.0
4,O[Pt],0.0,0.0,0.0,0.0,0.0,0.0,0.0,0.0,0.0,3.735424668e-13,-7.61376993198e-11,-24.0
5,O.[Pt],0.0,0.0,0.0,0.0,0.0,0.0,0.0,0.0,0.0,1.02318153949e-12,-7.61376993198e-11,-24.0
6,O=C=O.[Pt],0.0,0.0,0.0,0.0,0.0,0.0,0.0,0.0,0.0,-5.52193211791e-13,-7.61376993198e-11,-24.0
7,O=C=[Pt],0.0,0.0,0.0,0.0,0.0,0.0,0.0,0.0,0.0,-8.12048840869e-14,-7.61376993198e-11,-24.0
8,C~[Pt],0.0,0.0,0.0,0.0,0.0,0.0,0.0,0.0,0.0,-5.19711258156e-13,-7.59103256443e-11,0.1
9,C=[Pt],0.0,0.0,0.0,0.0,0.0,0.0,0.0,0.0,0.0,1.14498886562e-11,-6.94139349174e-11,584.0
10,C#[Pt],0.0,0.0,0.0,0.0,0.0,0.0,0.0,0.0,0.0,-3.0857855953e-13,-7.61376993198e-11,-24.0
11,C.[Pt],0.0,0.0,0.0,0.0,0.0,0.0,0.0,0.0,0.0,-5.52193211791e-13,-7.61376993198e-11,-24.0
12,[H][H].[Pt],0.0,0.0,0.0,0.0,0.0,0.0,0.0,0.0,0.0,-1.29927814539e-13,-7.61376993198e-11,-24.0
13,[C-]#[O+].[Pt],0.0,0.0,0.0,0.0,0.0,0.0,0.0,0.0,0.0,-2.92337582713e-13,-7.61376993198e-11,-24.0
14,CC.[Pt],0.0,0.0,0.0,0.0,0.0,0.0,0.0,0.0,0.0,3.97903932026e-12,-7.61376993198e-11,-24.0
15,C=C.[Pt],0.0,0.0,0.0,0.0,0.0,0.0,0.0,0.0,0.0,-4.06024420434e-13,-7.61376993198e-11,-24.0
16,[CH]C.[Pt],0.0,0.0,0.0,0.0,0.0,0.0,0.0,0.0,0.0,-1.94891721808e-13,-7.61376993198e-11,-24.0
