,Reaction,SYNGAS Selec,SYNGAS Yield,CO Selectivity,CO % Yield,H2 Selectivity,H2 % Yield,CH4 Conversion,H2O+CO2 Selectivity,H2O+CO2 yield,Exit Temp,Peak Temp,Dist to peak temp
0,[Pt],0.0,0.0,0.0,0.0,0.0,0.0,0.0,0.0,0.0,4.45002764796e-12,1.78650744991e-13,-73.3333333333
1,[Pt],0.0,0.0,0.0,0.0,0.0,0.0,0.0,0.0,0.0,6.49639072695e-14,1.78650744991e-13,-73.3333333333
2,O=[Pt],0.0,0.0,0.0,0.0,0.0,0.0,0.0,0.0,0.0,-4.23889494933e-12,1.78650744991e-13,-73.3333333333
3,C[Pt],0.0,0.0,0.0,0.0,0.0,0.0,0.0,0.0,0.0,2.53359238351e-12,1.78650744991e-13,-73.3333333333
4,O[Pt],0.0,0.0,0.0,0.0,0.0,0.0,0.0,0.0,0.0,2.22501382398e-12,1.78650744991e-13,-73.3333333333
5,O.[Pt],0.0,0.0,0.0,0.0,0.0,0.0,0.0,0.0,0.0,1.62409768174e-12,1.78650744991e-13,-73.3333333333
6,O=C=O.[Pt],0.0,0.0,0.0,0.0,0.0,0.0,0.0,0.0,0.0,2.59855629078e-12,1.78650744991e-13,-73.3333333333
7,O=C=[Pt],0.0,0.0,0.0,0.0,0.0,0.0,0.0,0.0,0.0,2.79344801259e-12,1.78650744991e-13,-73.3333333333
8,C~[Pt],0.0,0.0,0.0,0.0,0.0,0.0,0.0,0.0,0.0,7.30843956782e-13,1.78650744991e-13,-73.3333333333
9,C=[Pt],0.0,0.0,0.0,0.0,0.0,0.0,0.0,0.0,0.0,2.66352019805e-12,1.78650744991e-13,-73.3333333333
10,C#[Pt],0.0,0.0,0.0,0.0,0.0,0.0,0.0,0.0,0.0,3.54053294619e-12,1.78650744991e-13,-73.3333333333
11,C.[Pt],0.0,0.0,0.0,0.0,0.0,0.0,0.0,0.0,0.0,5.39200430337e-12,1.78650744991e-13,-73.3333333333
12,[H][H].[Pt],0.0,0.0,0.0,0.0,0.0,0.0,0.0,0.0,0.0,2.41990554579e-12,1.78650744991e-13,-73.3333333333
13,[C-]#[O+].[Pt],0.0,0.0,0.0,0.0,0.0,0.0,0.0,0.0,0.0,2.35494163852e-12,1.78650744991e-13,-73.3333333333
14,CC.[Pt],0.0,0.0,0.0,0.0,0.0,0.0,0.0,0.0,0.0,2.51735140669e-12,1.78650744991e-13,-73.3333333333
15,C=C.[Pt],0.0,0.0,0.0,0.0,0.0,0.0,0.0,0.0,0.0,2.85841191986e-12,1.78650744991e-13,-73.3333333333
16,[CH]C.[Pt],0.0,0.0,0.0,0.0,0.0,0.0,0.0,0.0,0.0,2.63103824441e-12,3.24819536347e-13,6566.66666667
