,Reaction,SYNGAS Selec,SYNGAS Yield,CO Selectivity,CO % Yield,H2 Selectivity,H2 % Yield,CH4 Conversion,H2O+CO2 Selectivity,H2O+CO2 yield,Exit Temp,Peak Temp,Dist to peak temp
0,[Pt],0.0,0.0,0.0,0.0,0.0,0.0,0.0,0.0,0.0,-1.44544693675e-12,-2.97209875758e-12,46.3700234192
1,[Pt],0.0,0.0,0.0,0.0,0.0,0.0,0.0,0.0,0.0,-7.90935571006e-12,-3.60549685346e-12,-40.5152224824
2,O=[Pt],0.0,0.0,0.0,0.0,0.0,0.0,0.0,0.0,0.0,-6.48014975013e-12,-3.60549685346e-12,-40.5152224824
3,C[Pt],0.0,0.0,0.0,0.0,0.0,0.0,0.0,0.0,0.0,5.55441407154e-12,2.93961680394e-12,445.589383294
4,O[Pt],0.0,0.0,0.0,0.0,0.0,0.0,0.0,0.0,0.0,-6.33398095878e-12,-3.60549685346e-12,-40.5152224824
5,O.[Pt],0.0,0.0,0.0,0.0,0.0,0.0,0.0,0.0,0.0,-3.65421978391e-12,-3.60549685346e-12,-40.5152224824
6,O=C=O.[Pt],0.0,0.0,0.0,0.0,0.0,0.0,0.0,0.0,0.0,-5.81426970062e-12,-3.60549685346e-12,-40.5152224824
7,O=C=[Pt],0.0,0.0,0.0,0.0,0.0,0.0,0.0,0.0,0.0,-5.99292044561e-12,-3.60549685346e-12,-40.5152224824
8,C~[Pt],0.0,0.0,0.0,0.0,0.0,0.0,0.0,0.0,0.0,9.09494701773e-13,-1.34800107584e-12,56.9867291179
9,C=[Pt],0.0,0.0,0.0,0.0,0.0,0.0,0.0,0.0,0.0,5.84675165425e-13,-1.867712334e-12,379.078844653
10,C#[Pt],0.0,0.0,0.0,0.0,0.0,0.0,0.0,0.0,0.0,-6.0741253297e-12,-3.3618822012e-12,31.0694769711
11,C.[Pt],0.0,0.0,0.0,0.0,0.0,0.0,0.0,0.0,0.0,-5.61937797881e-12,-3.21571340984e-12,17.2521467603
12,[H][H].[Pt],0.0,0.0,0.0,0.0,0.0,0.0,0.0,0.0,0.0,-5.57065504836e-12,-1.80274842673e-12,33.1772053084
13,[C-]#[O+].[Pt],0.0,0.0,0.0,0.0,0.0,0.0,0.0,0.0,0.0,-4.88853402203e-12,-3.60549685346e-12,-40.5152224824
14,CC.[Pt],0.0,0.0,0.0,0.0,0.0,0.0,0.0,0.0,0.0,-2.35494163852e-12,-3.60549685346e-12,-40.5152224824
15,C=C.[Pt],0.0,0.0,0.0,0.0,0.0,0.0,0.0,0.0,0.0,-5.37576332655e-12,-3.34564122438e-12,28.7275565964
16,[CH]C.[Pt],0.0,0.0,0.0,0.0,0.0,0.0,0.0,0.0,0.0,-5.37576332655e-12,-3.34564122438e-12,28.7275565964
