,Reaction,SYNGAS Selec,SYNGAS Yield,CO Selectivity,CO % Yield,H2 Selectivity,H2 % Yield,CH4 Conversion,H2O+CO2 Selectivity,H2O+CO2 yield,Exit Temp,Peak Temp,Dist to peak temp
0,[Pt],0.0,0.0,0.0,0.0,0.0,0.0,0.0,0.0,0.0,1.14011657258e-11,6.31773998196e-12,235.542490647
1,[Pt],0.0,0.0,0.0,0.0,0.0,0.0,0.0,0.0,0.0,3.91407541299e-12,-1.25055521494e-12,-59.9679315874
2,O=[Pt],0.0,0.0,0.0,0.0,0.0,0.0,0.0,0.0,0.0,3.44308708528e-12,-1.16935033085e-12,3.63442009621
3,C[Pt],0.0,0.0,0.0,0.0,0.0,0.0,0.0,0.0,0.0,2.67976117487e-12,-1.25055521494e-12,-59.9679315874
4,O[Pt],0.0,0.0,0.0,0.0,0.0,0.0,0.0,0.0,0.0,3.10202657212e-12,-1.25055521494e-12,-59.9679315874
5,O.[Pt],0.0,0.0,0.0,0.0,0.0,0.0,0.0,0.0,0.0,4.49875057841e-12,-3.89783443617e-13,259.219668626
6,O=C=O.[Pt],0.0,0.0,0.0,0.0,0.0,0.0,0.0,0.0,0.0,3.13450852575e-12,-1.25055521494e-12,-59.9679315874
7,O=C=[Pt],0.0,0.0,0.0,0.0,0.0,0.0,0.0,0.0,0.0,3.58925587664e-12,-1.25055521494e-12,-59.9679315874
8,C~[Pt],0.0,0.0,0.0,0.0,0.0,0.0,0.0,0.0,0.0,2.80968898941e-12,-1.23431423812e-12,-35.4890432924
9,C=[Pt],0.0,0.0,0.0,0.0,0.0,0.0,0.0,0.0,0.0,2.51735140669e-12,-1.25055521494e-12,-59.9679315874
10,C#[Pt],0.0,0.0,0.0,0.0,0.0,0.0,0.0,0.0,0.0,3.26443634029e-12,-1.25055521494e-12,-59.9679315874
11,C.[Pt],0.0,0.0,0.0,0.0,0.0,0.0,0.0,0.0,0.0,4.1089671348e-12,-1.02318153949e-12,270.657402459
12,[H][H].[Pt],0.0,0.0,0.0,0.0,0.0,0.0,0.0,0.0,0.0,8.42906696822e-12,3.24819536347e-12,272.047033672
13,[C-]#[O+].[Pt],0.0,0.0,0.0,0.0,0.0,0.0,0.0,0.0,0.0,3.10202657212e-12,-1.25055521494e-12,-59.9679315874
14,CC.[Pt],0.0,0.0,0.0,0.0,0.0,0.0,0.0,0.0,0.0,2.95585778076e-12,-1.25055521494e-12,-59.9679315874
15,C=C.[Pt],0.0,0.0,0.0,0.0,0.0,0.0,0.0,0.0,0.0,3.03706266485e-12,-1.25055521494e-12,-59.9679315874
16,[CH]C.[Pt],0.0,0.0,0.0,0.0,0.0,0.0,0.0,0.0,0.0,3.03706266485e-12,-1.25055521494e-12,-59.9679315874
