,Reaction,SYNGAS Selec,SYNGAS Yield,CO Selectivity,CO % Yield,H2 Selectivity,H2 % Yield,CH4 Conversion,H2O+CO2 Selectivity,H2O+CO2 yield,Exit Temp,Peak Temp,Dist to peak temp
0,[Pt],0.0,0.0,0.0,0.0,0.0,0.0,0.0,0.0,0.0,-3.31965566147e-11,-1.90019428763e-12,-3.63489499192
1,[Pt],0.0,0.0,0.0,0.0,0.0,0.0,0.0,0.0,0.0,-3.30179058697e-11,-2.40366456897e-12,-44.9919224556
2,O=[Pt],0.0,0.0,0.0,0.0,0.0,0.0,0.0,0.0,0.0,-8.34786208413e-12,-2.40366456897e-12,-44.9919224556
3,C[Pt],0.0,0.0,0.0,0.0,0.0,0.0,0.0,0.0,0.0,-1.58511933738e-11,-2.40366456897e-12,-44.9919224556
4,O[Pt],0.0,0.0,0.0,0.0,0.0,0.0,0.0,0.0,0.0,-2.34357295475e-11,-2.40366456897e-12,-44.9919224556
5,O.[Pt],0.0,0.0,0.0,0.0,0.0,0.0,0.0,0.0,0.0,-7.34092152145e-12,-2.40366456897e-12,-44.9919224556
6,O=C=O.[Pt],0.0,0.0,0.0,0.0,0.0,0.0,0.0,0.0,0.0,-1.90669067836e-11,-2.40366456897e-12,-44.9919224556
7,O=C=[Pt],0.0,0.0,0.0,0.0,0.0,0.0,0.0,0.0,0.0,-8.05552450142e-12,-2.04636307899e-12,-10.5815831987
8,C~[Pt],0.0,0.0,0.0,0.0,0.0,0.0,0.0,0.0,0.0,-2.07072454422e-11,-2.40366456897e-12,-44.9919224556
9,C=[Pt],0.0,0.0,0.0,0.0,0.0,0.0,0.0,0.0,0.0,-3.97091883185e-11,-2.40366456897e-12,-44.9919224556
10,C#[Pt],0.0,0.0,0.0,0.0,0.0,0.0,0.0,0.0,0.0,-1.71017485887e-11,-2.40366456897e-12,-44.9919224556
11,C.[Pt],0.0,0.0,0.0,0.0,0.0,0.0,0.0,0.0,0.0,-1.65820373305e-11,-2.40366456897e-12,-44.9919224556
12,[H][H].[Pt],0.0,0.0,0.0,0.0,0.0,0.0,0.0,0.0,0.0,-6.98362003147e-12,-2.40366456897e-12,-44.9919224556
13,[C-]#[O+].[Pt],0.0,0.0,0.0,0.0,0.0,0.0,0.0,0.0,0.0,-3.04031086021e-11,-2.40366456897e-12,-44.9919224556
14,CC.[Pt],0.0,0.0,0.0,0.0,0.0,0.0,0.0,0.0,0.0,-4.42241798737e-11,-2.40366456897e-12,-44.9919224556
15,C=C.[Pt],0.0,0.0,0.0,0.0,0.0,0.0,0.0,0.0,0.0,-9.19239287863e-12,-2.40366456897e-12,-44.9919224556
16,[CH]C.[Pt],0.0,0.0,0.0,0.0,0.0,0.0,0.0,0.0,0.0,-9.19239287863e-12,-2.40366456897e-12,-44.9919224556
