,Reaction,SYNGAS Selec,SYNGAS Yield,CO Selectivity,CO % Yield,H2 Selectivity,H2 % Yield,CH4 Conversion,H2O+CO2 Selectivity,H2O+CO2 yield,Exit Temp,Peak Temp,Dist to peak temp
0,[Pt],0.0,0.0,0.0,0.0,0.0,0.0,0.0,0.0,0.0,-3.97903932026e-12,2.18116318657e-11,35.5844155844
1,[Pt],0.0,0.0,0.0,0.0,0.0,0.0,0.0,0.0,0.0,-2.09508600944e-12,-9.07870604091e-12,351.255411255
2,O=[Pt],0.0,0.0,0.0,0.0,0.0,0.0,0.0,0.0,0.0,-3.89783443617e-12,7.68198203462e-12,21.7316017316
3,C[Pt],0.0,0.0,0.0,0.0,0.0,0.0,0.0,0.0,0.0,-4.33634081024e-12,-7.43836738236e-12,51.341991342
4,O[Pt],0.0,0.0,0.0,0.0,0.0,0.0,0.0,0.0,0.0,-2.54983336033e-12,-5.22959453519e-12,5.71428571429
5,O.[Pt],0.0,0.0,0.0,0.0,0.0,0.0,0.0,0.0,0.0,-2.80968898941e-12,-6.78872830966e-12,21.038961039
6,O=C=O.[Pt],0.0,0.0,0.0,0.0,0.0,0.0,0.0,0.0,0.0,-3.54053294619e-12,-5.91171556152e-12,44.8484848485
7,O=C=[Pt],0.0,0.0,0.0,0.0,0.0,0.0,0.0,0.0,0.0,-3.02082168803e-12,-9.37104362362e-12,69.0043290043
8,C~[Pt],0.0,0.0,0.0,0.0,0.0,0.0,0.0,0.0,0.0,-3.37812317801e-12,-6.80496928648e-12,71.1688311688
9,C=[Pt],0.0,0.0,0.0,0.0,0.0,0.0,0.0,0.0,0.0,-2.90713485031e-12,-7.11354784601e-12,47.4458874459
10,C#[Pt],0.0,0.0,0.0,0.0,0.0,0.0,0.0,0.0,0.0,-3.50805099255e-12,-7.60077715053e-12,-1.21212121212
11,C.[Pt],0.0,0.0,0.0,0.0,0.0,0.0,0.0,0.0,0.0,-3.3618822012e-12,1.00694056268e-12,31.7748917749
12,[H][H].[Pt],0.0,0.0,0.0,0.0,0.0,0.0,0.0,0.0,0.0,-4.28761787979e-12,-4.82357011476e-12,12.380952381
13,[C-]#[O+].[Pt],0.0,0.0,0.0,0.0,0.0,0.0,0.0,0.0,0.0,-3.84911150572e-12,1.57537475129e-12,-3.98268398268
14,CC.[Pt],0.0,0.0,0.0,0.0,0.0,0.0,0.0,0.0,0.0,-3.50805099255e-12,-9.22487483227e-12,18.2683982684
15,C=C.[Pt],0.0,0.0,0.0,0.0,0.0,0.0,0.0,0.0,0.0,-3.68670173754e-12,-1.62409768174e-12,23.8961038961
16,[CH]C.[Pt],0.0,0.0,0.0,0.0,0.0,0.0,0.0,0.0,0.0,-4.22265397252e-12,-9.20863385545e-12,72.0346320346
