,Reaction,SYNGAS Selec,SYNGAS Yield,CO Selectivity,CO % Yield,H2 Selectivity,H2 % Yield,CH4 Conversion,H2O+CO2 Selectivity,H2O+CO2 yield,Exit Temp,Peak Temp,Dist to peak temp
0,[Pt],0.0,0.0,0.0,0.0,0.0,0.0,0.0,0.0,0.0,-2.90713485031e-12,4.02776225071e-12,1318.51851852
1,[Pt],0.0,0.0,0.0,0.0,0.0,0.0,0.0,0.0,0.0,-1.08814544676e-12,2.97209875758e-12,1825.92592593
2,O=[Pt],0.0,0.0,0.0,0.0,0.0,0.0,0.0,0.0,0.0,2.84217094304e-12,5.37576332655e-12,2279.01234568
3,C[Pt],0.0,0.0,0.0,0.0,0.0,0.0,0.0,0.0,0.0,2.20877284716e-12,4.43378667114e-12,2183.95061728
4,O[Pt],0.0,0.0,0.0,0.0,0.0,0.0,0.0,0.0,0.0,-1.16935033085e-12,2.41990554579e-12,1913.58024691
5,O.[Pt],0.0,0.0,0.0,0.0,0.0,0.0,0.0,0.0,0.0,-3.4593280621e-12,4.82357011476e-12,2111.11111111
6,O=C=O.[Pt],0.0,0.0,0.0,0.0,0.0,0.0,0.0,0.0,0.0,-2.45238749942e-12,4.41754569433e-12,1535.80246914
7,O=C=[Pt],0.0,0.0,0.0,0.0,0.0,0.0,0.0,0.0,0.0,-3.70294271436e-12,2.58231531396e-12,1343.20987654
8,C~[Pt],0.0,0.0,0.0,0.0,0.0,0.0,0.0,0.0,0.0,-6.00916142243e-13,2.77720703577e-12,1576.54320988
9,C=[Pt],0.0,0.0,0.0,0.0,0.0,0.0,0.0,0.0,0.0,-2.79344801259e-12,2.80968898941e-12,1211.11111111
10,C#[Pt],0.0,0.0,0.0,0.0,0.0,0.0,0.0,0.0,0.0,4.23889494933e-12,4.61243741613e-12,2029.62962963
11,C.[Pt],0.0,0.0,0.0,0.0,0.0,0.0,0.0,0.0,0.0,2.66352019805e-12,4.87229304521e-12,1880.24691358
12,[H][H].[Pt],0.0,0.0,0.0,0.0,0.0,0.0,0.0,0.0,0.0,-3.06954461848e-12,2.82592996622e-12,1487.65432099
13,[C-]#[O+].[Pt],0.0,0.0,0.0,0.0,0.0,0.0,0.0,0.0,0.0,-2.9883397344e-12,4.17393104207e-12,1506.17283951
14,CC.[Pt],0.0,0.0,0.0,0.0,0.0,0.0,0.0,0.0,0.0,-5.92795653834e-12,4.40130471751e-12,2225.92592593
15,C=C.[Pt],0.0,0.0,0.0,0.0,0.0,0.0,0.0,0.0,0.0,-3.75166564481e-12,2.92337582713e-12,2065.43209877
16,[CH]C.[Pt],0.0,0.0,0.0,0.0,0.0,0.0,0.0,0.0,0.0,-2.9883397344e-12,2.67976117487e-12,1819.75308642
