,C/O ratio,CH4 Conv,O2 Conv,CO Selec,H2 Selec,H2O Selec
0,0.699999999999,4.71375433019e-11,1.32000513694e-10,9.33421624688e-05,4.07254135726e-06,0.666662180833
1,0.800000000001,4.52715933524e-11,1.44817714434e-10,9.71950356384e-05,3.848572068e-06,0.666664669791
2,0.900000000002,4.36046219708e-11,1.56899962599e-10,0.000100907226272,3.67655906692e-06,0.666665255609
3,1.1,4.07276156042e-11,1.79076487765e-10,0.000108028596109,3.43513956565e-06,0.666661908581
4,1.3,3.82717402742e-11,1.99062293897e-10,0.000114858846315,3.2805062632e-06,0.666658429614
5,1.4,3.72055678027e-11,2.08299128211e-10,0.00011819040931,3.22461133278e-06,0.666660741163
6,2.2,3.0657793043e-11,2.6970250028e-10,0.000143397246005,3.0389716078e-06,0.666660496149
