,Reaction,SYNGAS Selec,SYNGAS Yield,CO Selectivity,CO % Yield,H2 Selectivity,H2 % Yield,CH4 Conversion,H2O+CO2 Selectivity,H2O+CO2 yield,Exit Temp,Peak Temp,Dist to peak temp
0,[Pt],0.0,0.0,0.0,0.0,0.0,0.0,0.0,0.0,0.0,1.54289279765e-12,5.68434188608e-13,5530.23255814
1,[Pt],0.0,0.0,0.0,0.0,0.0,0.0,0.0,0.0,0.0,1.62409768174e-12,4.87229304521e-13,10925.5813953
2,O=[Pt],0.0,0.0,0.0,0.0,0.0,0.0,0.0,0.0,0.0,1.93267624127e-12,5.52193211791e-13,15537.2093023
3,C[Pt],0.0,0.0,0.0,0.0,0.0,0.0,0.0,0.0,0.0,6.00916142243e-13,4.06024420434e-13,2227.90697674
4,O[Pt],0.0,0.0,0.0,0.0,0.0,0.0,0.0,0.0,0.0,1.46168791356e-12,4.87229304521e-13,11853.4883721
5,O.[Pt],0.0,0.0,0.0,0.0,0.0,0.0,0.0,0.0,0.0,1.80274842673e-12,3.49181001574e-12,2227.90697674
6,O=C=O.[Pt],0.0,0.0,0.0,0.0,0.0,0.0,0.0,0.0,0.0,1.68906158901e-12,5.52193211791e-13,9444.18604651
7,O=C=[Pt],0.0,0.0,0.0,0.0,0.0,0.0,0.0,0.0,0.0,1.91643526445e-12,9.41976655408e-13,16004.6511628
8,C~[Pt],0.0,0.0,0.0,0.0,0.0,0.0,0.0,0.0,0.0,-2.27373675443e-13,2.59855629078e-13,5151.1627907
9,C=[Pt],0.0,0.0,0.0,0.0,0.0,0.0,0.0,0.0,0.0,1.78650744991e-12,5.19711258156e-13,11886.0465116
10,C#[Pt],0.0,0.0,0.0,0.0,0.0,0.0,0.0,0.0,0.0,1.65657963537e-12,5.19711258156e-13,14218.6046512
11,C.[Pt],0.0,0.0,0.0,0.0,0.0,0.0,0.0,0.0,0.0,1.52665182083e-12,5.03470281339e-13,9081.39534884
12,[H][H].[Pt],0.0,0.0,0.0,0.0,0.0,0.0,0.0,0.0,0.0,1.57537475129e-12,3.735424668e-13,12688.372093
13,CC.[Pt],0.0,0.0,0.0,0.0,0.0,0.0,0.0,0.0,0.0,1.90019428763e-12,6.00916142243e-13,10639.5348837
14,C=C.[Pt],0.0,0.0,0.0,0.0,0.0,0.0,0.0,0.0,0.0,1.867712334e-12,5.84675165425e-13,10569.7674419
15,[CH]C.[Pt],0.0,0.0,0.0,0.0,0.0,0.0,0.0,0.0,0.0,1.867712334e-12,5.84675165425e-13,10569.7674419
