,Reaction,SYNGAS Selec,SYNGAS Yield,CO Selectivity,CO % Yield,H2 Selectivity,H2 % Yield,CH4 Conversion,H2O+CO2 Selectivity,H2O+CO2 yield,Exit Temp,Peak Temp,Dist to peak temp
0,[Pt],0.0,0.0,0.0,0.0,0.0,0.0,0.0,0.0,0.0,1.13686837722e-13,3.0857855953e-13,-73.1182795699
1,[Pt],0.0,0.0,0.0,0.0,0.0,0.0,0.0,0.0,0.0,-5.68434188608e-13,3.0857855953e-13,-73.1182795699
2,O=[Pt],0.0,0.0,0.0,0.0,0.0,0.0,0.0,0.0,0.0,-2.76096605895e-13,3.0857855953e-13,-73.1182795699
3,C[Pt],0.0,0.0,0.0,0.0,0.0,0.0,0.0,0.0,0.0,-7.79566887234e-13,3.0857855953e-13,-73.1182795699
4,O[Pt],0.0,0.0,0.0,0.0,0.0,0.0,0.0,0.0,0.0,-7.30843956782e-13,3.0857855953e-13,-73.1182795699
5,O.[Pt],0.0,0.0,0.0,0.0,0.0,0.0,0.0,0.0,0.0,-4.87229304521e-14,3.0857855953e-13,-73.1182795699
6,O=C=O.[Pt],0.0,0.0,0.0,0.0,0.0,0.0,0.0,0.0,0.0,0.0,3.0857855953e-13,-73.1182795699
7,O=C=[Pt],0.0,0.0,0.0,0.0,0.0,0.0,0.0,0.0,0.0,2.43614652261e-13,3.0857855953e-13,-73.1182795699
8,C~[Pt],0.0,0.0,0.0,0.0,0.0,0.0,0.0,0.0,0.0,-2.92337582713e-13,3.0857855953e-13,-73.1182795699
9,C=[Pt],0.0,0.0,0.0,0.0,0.0,0.0,0.0,0.0,0.0,2.11132698626e-13,3.0857855953e-13,-73.1182795699
10,C#[Pt],0.0,0.0,0.0,0.0,0.0,0.0,0.0,0.0,0.0,-5.19711258156e-13,3.0857855953e-13,-73.1182795699
11,C.[Pt],0.0,0.0,0.0,0.0,0.0,0.0,0.0,0.0,0.0,1.02318153949e-12,3.0857855953e-13,-73.1182795699
12,[H][H].[Pt],0.0,0.0,0.0,0.0,0.0,0.0,0.0,0.0,0.0,8.12048840869e-14,3.0857855953e-13,-73.1182795699
13,CC.[Pt],0.0,0.0,0.0,0.0,0.0,0.0,0.0,0.0,0.0,-6.49639072695e-14,3.0857855953e-13,-73.1182795699
14,C=C.[Pt],0.0,0.0,0.0,0.0,0.0,0.0,0.0,0.0,0.0,-6.65880049512e-13,3.0857855953e-13,-73.1182795699
15,[CH]C.[Pt],0.0,0.0,0.0,0.0,0.0,0.0,0.0,0.0,0.0,-6.65880049512e-13,3.0857855953e-13,-73.1182795699
