,Reaction,SYNGAS Selec,SYNGAS Yield,CO Selectivity,CO % Yield,H2 Selectivity,H2 % Yield,CH4 Conversion,H2O+CO2 Selectivity,H2O+CO2 yield,Exit Temp,Peak Temp,Dist to peak temp
0,[Pt],0.0,0.0,0.0,0.0,0.0,0.0,0.0,0.0,0.0,-4.06024420434e-13,-8.12048840869e-14,-53.6458333333
1,[Pt],0.0,0.0,0.0,0.0,0.0,0.0,0.0,0.0,0.0,-1.46168791356e-13,-8.12048840869e-14,-53.6458333333
2,O=[Pt],0.0,0.0,0.0,0.0,0.0,0.0,0.0,0.0,0.0,1.78650744991e-13,-8.12048840869e-14,-53.6458333333
3,C[Pt],0.0,0.0,0.0,0.0,0.0,0.0,0.0,0.0,0.0,-1.54289279765e-12,-8.12048840869e-14,-53.6458333333
4,O[Pt],0.0,0.0,0.0,0.0,0.0,0.0,0.0,0.0,0.0,1.16935033085e-12,-4.87229304521e-14,1517.1875
5,O.[Pt],0.0,0.0,0.0,0.0,0.0,0.0,0.0,0.0,0.0,-9.2573567859e-13,4.46626862478e-12,420.833333333
6,O=C=O.[Pt],0.0,0.0,0.0,0.0,0.0,0.0,0.0,0.0,0.0,0.0,2.07884503262e-12,420.833333333
7,O=C=[Pt],0.0,0.0,0.0,0.0,0.0,0.0,0.0,0.0,0.0,-8.93253724956e-13,-8.12048840869e-14,-53.6458333333
8,C~[Pt],0.0,0.0,0.0,0.0,0.0,0.0,0.0,0.0,0.0,-1.1206274004e-12,-8.12048840869e-14,-53.6458333333
9,C=[Pt],0.0,0.0,0.0,0.0,0.0,0.0,0.0,0.0,0.0,-8.12048840869e-14,1.19371179608e-11,420.833333333
10,C#[Pt],0.0,0.0,0.0,0.0,0.0,0.0,0.0,0.0,0.0,-3.57301489982e-13,1.22132145667e-11,420.833333333
11,C.[Pt],0.0,0.0,0.0,0.0,0.0,0.0,0.0,0.0,0.0,-6.8212102633e-13,2.11132698626e-12,420.833333333
12,[H][H].[Pt],0.0,0.0,0.0,0.0,0.0,0.0,0.0,0.0,0.0,-2.11132698626e-12,-8.12048840869e-14,-53.6458333333
13,CC.[Pt],0.0,0.0,0.0,0.0,0.0,0.0,0.0,0.0,0.0,-2.11132698626e-12,-8.12048840869e-14,-53.6458333333
14,C=C.[Pt],0.0,0.0,0.0,0.0,0.0,0.0,0.0,0.0,0.0,1.28303716857e-12,4.87229304521e-14,420.833333333
15,[CH]C.[Pt],0.0,0.0,0.0,0.0,0.0,0.0,0.0,0.0,0.0,-7.47084933599e-13,6.53212087595e-11,420.833333333
