,Reaction,SYNGAS Selec,SYNGAS Yield,CO Selectivity,CO % Yield,H2 Selectivity,H2 % Yield,CH4 Conversion,H2O+CO2 Selectivity,H2O+CO2 yield,Exit Temp,Peak Temp,Dist to peak temp
0,[Pt],0.0,0.0,0.0,0.0,0.0,0.0,0.0,0.0,0.0,-2.28997773125e-12,-2.76096605895e-13,62.599469496
1,[Pt],0.0,0.0,0.0,0.0,0.0,0.0,0.0,0.0,0.0,-9.89075488178e-12,-2.76096605895e-13,62.599469496
2,O=[Pt],0.0,0.0,0.0,0.0,0.0,0.0,0.0,0.0,0.0,-1.4941698672e-12,-2.76096605895e-13,62.599469496
3,C[Pt],0.0,0.0,0.0,0.0,0.0,0.0,0.0,0.0,0.0,-1.91318706909e-11,-2.76096605895e-13,62.599469496
4,O[Pt],0.0,0.0,0.0,0.0,0.0,0.0,0.0,0.0,0.0,-5.19711258156e-13,1.17584672158e-11,165.25198939
5,O.[Pt],0.0,0.0,0.0,0.0,0.0,0.0,0.0,0.0,0.0,-9.2573567859e-13,-2.76096605895e-13,62.599469496
6,O=C=O.[Pt],0.0,0.0,0.0,0.0,0.0,0.0,0.0,0.0,0.0,-1.5916157281e-12,-2.76096605895e-13,62.599469496
7,O=C=[Pt],0.0,0.0,0.0,0.0,0.0,0.0,0.0,0.0,0.0,-3.53890884851e-11,-2.76096605895e-13,62.599469496
8,C~[Pt],0.0,0.0,0.0,0.0,0.0,0.0,0.0,0.0,0.0,-8.12048840869e-14,3.24819536347e-14,165.25198939
9,C=[Pt],0.0,0.0,0.0,0.0,0.0,0.0,0.0,0.0,0.0,-1.23431423812e-12,-2.76096605895e-13,62.599469496
10,C#[Pt],0.0,0.0,0.0,0.0,0.0,0.0,0.0,0.0,0.0,-2.76096605895e-13,-2.76096605895e-13,62.599469496
11,C.[Pt],0.0,0.0,0.0,0.0,0.0,0.0,0.0,0.0,0.0,-1.89369789691e-11,-2.76096605895e-13,62.599469496
12,[H][H].[Pt],0.0,0.0,0.0,0.0,0.0,0.0,0.0,0.0,0.0,-3.03706266485e-12,-2.76096605895e-13,62.599469496
13,CC.[Pt],0.0,0.0,0.0,0.0,0.0,0.0,0.0,0.0,0.0,-2.67976117487e-12,1.37723483411e-11,165.25198939
14,C=C.[Pt],0.0,0.0,0.0,0.0,0.0,0.0,0.0,0.0,0.0,-8.44530794503e-13,-2.76096605895e-13,62.599469496
15,[CH]C.[Pt],0.0,0.0,0.0,0.0,0.0,0.0,0.0,0.0,0.0,-2.05285946972e-11,-2.76096605895e-13,62.599469496
