,Reaction,SYNGAS Selec,SYNGAS Yield,CO Selectivity,CO % Yield,H2 Selectivity,H2 % Yield,CH4 Conversion,H2O+CO2 Selectivity,H2O+CO2 yield,Exit Temp,Peak Temp,Dist to peak temp
0,[Pt],0.0,0.0,0.0,0.0,0.0,0.0,0.0,0.0,0.0,2.02200161376e-11,1.94891721808e-13,24250.0
1,[Pt],0.0,0.0,0.0,0.0,0.0,0.0,0.0,0.0,0.0,1.98139917172e-11,1.94891721808e-13,24250.0
2,O=[Pt],0.0,0.0,0.0,0.0,0.0,0.0,0.0,0.0,0.0,2.19090777266e-11,1.94891721808e-13,24250.0
3,C[Pt],0.0,0.0,0.0,0.0,0.0,0.0,0.0,0.0,0.0,1.94891721809e-11,1.94891721808e-13,24250.0
4,O[Pt],0.0,0.0,0.0,0.0,0.0,0.0,0.0,0.0,0.0,2.05123537203e-11,1.94891721808e-13,24250.0
5,O.[Pt],0.0,0.0,0.0,0.0,0.0,0.0,0.0,0.0,0.0,2.03012210217e-11,1.94891721808e-13,24250.0
6,O=C=O.[Pt],0.0,0.0,0.0,0.0,0.0,0.0,0.0,0.0,0.0,2.02524980913e-11,5.03470281339e-13,24900.0
7,O=C=[Pt],0.0,0.0,0.0,0.0,0.0,0.0,0.0,0.0,0.0,2.08046913031e-11,4.38506374069e-13,24925.0
8,C~[Pt],0.0,0.0,0.0,0.0,0.0,0.0,0.0,0.0,0.0,1.96353409722e-11,7.79566887234e-13,24900.0
9,C=[Pt],0.0,0.0,0.0,0.0,0.0,0.0,0.0,0.0,0.0,1.92293165518e-11,1.94891721808e-13,24250.0
10,C#[Pt],0.0,0.0,0.0,0.0,0.0,0.0,0.0,0.0,0.0,2.04961127435e-11,1.94891721808e-13,24250.0
11,C.[Pt],0.0,0.0,0.0,0.0,0.0,0.0,0.0,0.0,0.0,1.93592443663e-11,1.94891721808e-13,24250.0
12,[H][H].[Pt],0.0,0.0,0.0,0.0,0.0,0.0,0.0,0.0,0.0,1.95054131577e-11,1.94891721808e-13,24250.0
13,CC.[Pt],0.0,0.0,0.0,0.0,0.0,0.0,0.0,0.0,0.0,1.9213075575e-11,1.94891721808e-13,24250.0
14,C=C.[Pt],0.0,0.0,0.0,0.0,0.0,0.0,0.0,0.0,0.0,1.96353409722e-11,3.735424668e-13,24925.0
15,[CH]C.[Pt],0.0,0.0,0.0,0.0,0.0,0.0,0.0,0.0,0.0,2.03337029754e-11,1.94891721808e-13,24250.0
